Story,Task,Estimate min (hr),Estimate max (hr),Actual,Comment
Day 1 - Setup,Project setup and dependencies,0.5,1.0,0.75,React + TypeScript + TailwindCSS + Gemini API
Day 1 - Setup,Create estimates.csv and git setup,0.25,0.5,0.3,First commit with estimates
Day 1 - Core UI,Basic layout and responsive design,2.0,3.0,2.5,Header sidebar main content area
Day 1 - Core UI,Note editor and CRUD operations,2.0,3.0,2.75,Create edit delete notes with tags
Day 1 - Core UI,Search and filter functionality,1.5,2.0,1.7,Real-time search and tag filtering
Day 1 - Data,Mock data and basic state management,1.0,1.5,1.2,Sample notes and React state
Day 1 - Total,,7.25,11.0,9.2,Day 1 actual time (within target)
Day 2 - AI,Gemini API integration setup,1.0,1.5,2.5,Extra time due to integration complexity
Day 2 - AI,Implement note summarization,1.5,2.0,2.5,More time spent debugging API usage
Day 2 - AI,Auto-title generation,1.0,1.5,1.5,Slightly longer to get better results
Day 2 - Analytics,Simple analytics dashboard,2.0,3.0,2.6,Basic charts for notes and AI usage
Day 2 - Polish,Loading states and error handling,1.0,1.5,1.3,User feedback and edge cases
Day 2 - Deploy,Build and deploy to Vercel,0.5,1.0,0.6,Production deployment
Day 2 - Demo,Record demo video,1.0,1.5,1.2,Feature demo and code walkthrough
Day 2 - Docs,README and final submission,0.5,1.0,0.5,Documentation and submission prep
Day 2 - Total,,8.5,12.5,12.7,Day 2 actual time (extra AI effort)
Day 3 - Backend,Supabase notes storage API setup,,,3.5,Backend for notes CRUD with Supabase
Day 3 - Backend,Supabase AI usage analytics backend,,,3.5,Store and query AI usage analytics
Day 3 - Backend,Authentication & API integration,,,1.5,Auth and security integration
Day 3 - Polish,Final bug fixes and polishing,,,1.5,Clean up and fix edge cases
Day 3 - Total,,,,10.0,Day 3 actual time (backend focused)
Project Total,,15.75,23.5,32.0,"3-day actual total time, backend & AI focus"
